delete from done_sections;

delete from section;

delete from chapter;

insert into chapter (id, name, description) values (1, 'Abstract Integration', 'Ex: abracadabra, 3, 5, ...');
insert into chapter (id, name, description) values (2, 'Positive Borel Measures', 'Ex: abracadabra, 4, 6, ...');
insert into chapter (id, name, description) values (3, 'L^p spaces', '');
insert into chapter (id, name, description) values (4, 'Elementary Hilbert Space Theory', '');
insert into chapter (id, name, description) values (5, 'Examples of Banach Space Techniques', '');
insert into chapter (id, name, description) values (6, 'Complex Measures', '');
insert into chapter (id, name, description) values (7, 'Differentiation', '');
insert into chapter (id, name, description) values (8, 'Integration on Product Spaces', '');
insert into chapter (id, name, description) values (9, 'Fourier Transforms', '');
insert into chapter (id, name, description) values (10, 'Elementary Properties of Holomorphic Functions', '');
insert into chapter (id, name, description) values (11, 'Harmonic Functions', '');
insert into chapter (id, name, description) values (12, 'The Maximum Modulus Principle', '');
insert into chapter (id, name, description) values (13, 'Approximation by Rational Functions', '');
insert into chapter (id, name, description) values (14, 'Conformal Mapping', '');
insert into chapter (id, name, description) values (15, 'Zeros of Holomorphic Functions', '');
insert into chapter (id, name, description) values (16, 'Analytic Continuation', '');

insert into section (id, chapter_id, number, name, description) values (1, 1, 2, 'Definition of topology', 'Topology, open set, continuous mapping');  
insert into section (id, chapter_id, number, name, description) values (2, 1, 3, 'Definition of sigma-algebra', 'Sigma algebra, measurable set, measurable function');  
insert into section (id, chapter_id, number, name, description) values (3, 1, 5, 'Continuity equivalences', 'Mapping X to Y continuous iff it is continuous in every point of X');  
insert into section (id, chapter_id, number, name, description) values (4, 1, 7, 'Continuous function of continuous or measurable function', null);  
insert into section (id, chapter_id, number, name, description) values (5, 1, 8, 'Continuous two-dimentional function of two real-measurable functions is measurable', null);  
insert into section (id, chapter_id, number, name, description) values (6, 1, 9, 'Five properties of measurable functions', null);  
insert into section (id, chapter_id, number, name, description) values (7, 1, 10, 'Sigma algebra generated by a collection of subsets of X', null);  
insert into section (id, chapter_id, number, name, description) values (8, 1, 11, 'Borel sigma-algebra', 'Borel sets, Borel mappings');  
insert into section (id, chapter_id, number, name, description) values (9, 1, 12, 'Four properties of (Borel) sigma-algebras', null);  
insert into section (id, chapter_id, number, name, description) values (10, 1, 13, 'Lim sup, Lim inf', 'Lim sup, Lim inf of a sequence, sup and lim sup of a function, pointwise limit of a function');  
insert into section (id, chapter_id, number, name, description) values (11, 1, 14, 'Measurability of sup f_n and lim sup f_n', null);  
insert into section (id, chapter_id, number, name, description) values (12, 1, 15, 'Positive and negative parts of f', null);  
insert into section (id, chapter_id, number, name, description) values (13, 1, 16, 'Simple functions', 'Simple function, non-negative simple function');  
insert into section (id, chapter_id, number, name, description) values (14, 1, 17, 'Theorem: non-negative measurable function as a limit of simple functions', null);  
insert into section (id, chapter_id, number, name, description) values (15, 1, 18, 'Measure', 'Positive measure, measure space, complex measure');  
insert into section (id, chapter_id, number, name, description) values (16, 1, 19, 'Theorem: five properties of a measure', null);  
insert into section (id, chapter_id, number, name, description) values (17, 1, 20, 'Examples of measures', 'Counting measure, unit mass measure');  
insert into section (id, chapter_id, number, name, description) values (19, 1, 23, 'Definition of integral', 'Definition of an integral of a positive measurable simple function s on E, Lebesgue integral of a positive measurable function f on E');  
insert into section (id, chapter_id, number, name, description) values (20, 1, 24, 'Five properties of a Lebesque integral', 'smaller function - smaller integral, smaller set - smaller integral, constant multiplier, zero function, zero-measure set, integral on a measurable set');  
insert into section (id, chapter_id, number, name, description) values (21, 1, 25, 'Lebesgue integral is a measure, integral of a sum is a sum of integrals', null);  
insert into section (id, chapter_id, number, name, description) values (22, 1, 26, 'Lebesgue''s monotone convergence theorem', null);  
insert into section (id, chapter_id, number, name, description) values (23, 1, 27, null, null);  
insert into section (id, chapter_id, number, name, description) values (24, 1, 28, null, null);  
insert into section (id, chapter_id, number, name, description) values (25, 1, 29, null, null);  
insert into section (id, chapter_id, number, name, description) values (26, 1, 30, null, null);  
insert into section (id, chapter_id, number, name, description) values (27, 1, 31, null, null);  
insert into section (id, chapter_id, number, name, description) values (28, 1, 32, null, null);  
insert into section (id, chapter_id, number, name, description) values (29, 1, 33, null, null);  
insert into section (id, chapter_id, number, name, description) values (30, 1, 34, null, null);  
insert into section (id, chapter_id, number, name, description) values (31, 1, 35, null, null);  
insert into section (id, chapter_id, number, name, description) values (32, 1, 36, null, null);  
insert into section (id, chapter_id, number, name, description) values (33, 1, 37, null, null);  
insert into section (id, chapter_id, number, name, description) values (34, 1, 38, null, null);  
insert into section (id, chapter_id, number, name, description) values (35, 1, 39, null, null);  
insert into section (id, chapter_id, number, name, description) values (36, 1, 40, null, null);  
insert into section (id, chapter_id, number, name, description) values (37, 1, 41, null, null);  

insert into section (id, chapter_id, number, name, description) values (38, 2, 1, null, null); 
insert into section (id, chapter_id, number, name, description) values (39, 2, 2, null, null); 
insert into section (id, chapter_id, number, name, description) values (40, 2, 3, null, null); 
insert into section (id, chapter_id, number, name, description) values (41, 2, 4, null, null); 
insert into section (id, chapter_id, number, name, description) values (42, 2, 5, null, null); 
insert into section (id, chapter_id, number, name, description) values (43, 2, 6, null, null); 
insert into section (id, chapter_id, number, name, description) values (44, 2, 7, null, null); 
insert into section (id, chapter_id, number, name, description) values (45, 2, 8, null, null); 
insert into section (id, chapter_id, number, name, description) values (46, 2, 9, null, null); 
insert into section (id, chapter_id, number, name, description) values (47, 2, 10, null, null); 
insert into section (id, chapter_id, number, name, description) values (48, 2, 11, null, null); 
insert into section (id, chapter_id, number, name, description) values (49, 2, 12, null, null); 
insert into section (id, chapter_id, number, name, description) values (50, 2, 13, null, null); 
insert into section (id, chapter_id, number, name, description) values (51, 2, 14, null, null); 
insert into section (id, chapter_id, number, name, description) values (52, 2, 15, null, null); 
insert into section (id, chapter_id, number, name, description) values (53, 2, 16, null, null); 
insert into section (id, chapter_id, number, name, description) values (54, 2, 17, null, null); 
insert into section (id, chapter_id, number, name, description) values (55, 2, 18, null, null); 
insert into section (id, chapter_id, number, name, description) values (56, 2, 19, null, null); 
insert into section (id, chapter_id, number, name, description) values (57, 2, 20, null, null); 
insert into section (id, chapter_id, number, name, description) values (58, 2, 21, null, null); 
insert into section (id, chapter_id, number, name, description) values (59, 2, 22, null, null); 
insert into section (id, chapter_id, number, name, description) values (60, 2, 23, null, null); 
insert into section (id, chapter_id, number, name, description) values (61, 2, 24, null, null); 
insert into section (id, chapter_id, number, name, description) values (62, 2, 25, null, null); 
 
insert into section (id, chapter_id, number, name, description) values (63, 3, 1, null, null); 
insert into section (id, chapter_id, number, name, description) values (64, 3, 2, null, null); 
insert into section (id, chapter_id, number, name, description) values (65, 3, 3, null, null); 
insert into section (id, chapter_id, number, name, description) values (66, 3, 4, null, null); 
insert into section (id, chapter_id, number, name, description) values (67, 3, 5, null, null); 
insert into section (id, chapter_id, number, name, description) values (68, 3, 6, null, null); 
insert into section (id, chapter_id, number, name, description) values (69, 3, 7, null, null); 
insert into section (id, chapter_id, number, name, description) values (70, 3, 8, null, null); 
insert into section (id, chapter_id, number, name, description) values (71, 3, 9, null, null); 
insert into section (id, chapter_id, number, name, description) values (72, 3, 10, null, null); 
insert into section (id, chapter_id, number, name, description) values (73, 3, 11, null, null); 
insert into section (id, chapter_id, number, name, description) values (74, 3, 12, null, null); 
insert into section (id, chapter_id, number, name, description) values (75, 3, 13, null, null); 
insert into section (id, chapter_id, number, name, description) values (76, 3, 14, null, null); 
insert into section (id, chapter_id, number, name, description) values (77, 3, 15, null, null); 
insert into section (id, chapter_id, number, name, description) values (78, 3, 16, null, null); 
insert into section (id, chapter_id, number, name, description) values (79, 3, 17, null, null); 
 
insert into section (id, chapter_id, number, name, description) values (80, 4, 1, null, null); 
insert into section (id, chapter_id, number, name, description) values (81, 4, 2, null, null); 
insert into section (id, chapter_id, number, name, description) values (82, 4, 3, null, null); 
insert into section (id, chapter_id, number, name, description) values (83, 4, 4, null, null); 
insert into section (id, chapter_id, number, name, description) values (84, 4, 5, null, null); 
insert into section (id, chapter_id, number, name, description) values (85, 4, 6, null, null); 
insert into section (id, chapter_id, number, name, description) values (86, 4, 7, null, null); 
insert into section (id, chapter_id, number, name, description) values (87, 4, 8, null, null); 
insert into section (id, chapter_id, number, name, description) values (88, 4, 9, null, null); 
insert into section (id, chapter_id, number, name, description) values (89, 4, 10, null, null); 
insert into section (id, chapter_id, number, name, description) values (90, 4, 11, null, null); 
insert into section (id, chapter_id, number, name, description) values (91, 4, 12, null, null); 
insert into section (id, chapter_id, number, name, description) values (92, 4, 13, null, null); 
insert into section (id, chapter_id, number, name, description) values (93, 4, 14, null, null); 
insert into section (id, chapter_id, number, name, description) values (94, 4, 15, null, null); 
insert into section (id, chapter_id, number, name, description) values (95, 4, 16, null, null); 
insert into section (id, chapter_id, number, name, description) values (96, 4, 17, null, null); 
insert into section (id, chapter_id, number, name, description) values (97, 4, 18, null, null); 
insert into section (id, chapter_id, number, name, description) values (98, 4, 19, null, null); 
insert into section (id, chapter_id, number, name, description) values (99, 4, 20, null, null); 
insert into section (id, chapter_id, number, name, description) values (100, 4, 21, null, null); 
insert into section (id, chapter_id, number, name, description) values (101, 4, 22, null, null); 
insert into section (id, chapter_id, number, name, description) values (102, 4, 23, null, null); 
insert into section (id, chapter_id, number, name, description) values (103, 4, 24, null, null); 
insert into section (id, chapter_id, number, name, description) values (104, 4, 25, null, null); 
insert into section (id, chapter_id, number, name, description) values (105, 4, 26, null, null); 
 
insert into section (id, chapter_id, number, name, description) values (106, 5, 1, null, null); 
insert into section (id, chapter_id, number, name, description) values (107, 5, 2, null, null); 
insert into section (id, chapter_id, number, name, description) values (108, 5, 3, null, null); 
insert into section (id, chapter_id, number, name, description) values (109, 5, 4, null, null); 
insert into section (id, chapter_id, number, name, description) values (110, 5, 5, null, null); 
insert into section (id, chapter_id, number, name, description) values (111, 5, 6, null, null); 
insert into section (id, chapter_id, number, name, description) values (112, 5, 7, null, null); 
insert into section (id, chapter_id, number, name, description) values (113, 5, 8, null, null); 
insert into section (id, chapter_id, number, name, description) values (114, 5, 9, null, null); 
insert into section (id, chapter_id, number, name, description) values (115, 5, 10, null, null); 
insert into section (id, chapter_id, number, name, description) values (116, 5, 11, null, null); 
insert into section (id, chapter_id, number, name, description) values (117, 5, 12, null, null); 
insert into section (id, chapter_id, number, name, description) values (118, 5, 13, null, null); 
insert into section (id, chapter_id, number, name, description) values (119, 5, 14, null, null); 
insert into section (id, chapter_id, number, name, description) values (120, 5, 15, null, null); 
insert into section (id, chapter_id, number, name, description) values (121, 5, 16, null, null); 
insert into section (id, chapter_id, number, name, description) values (122, 5, 17, null, null); 
insert into section (id, chapter_id, number, name, description) values (123, 5, 18, null, null); 
insert into section (id, chapter_id, number, name, description) values (124, 5, 19, null, null); 
insert into section (id, chapter_id, number, name, description) values (125, 5, 20, null, null); 
insert into section (id, chapter_id, number, name, description) values (126, 5, 21, null, null); 
insert into section (id, chapter_id, number, name, description) values (127, 5, 22, null, null); 
insert into section (id, chapter_id, number, name, description) values (128, 5, 23, null, null); 
insert into section (id, chapter_id, number, name, description) values (129, 5, 24, null, null); 
insert into section (id, chapter_id, number, name, description) values (130, 5, 25, null, null); 
 
insert into section (id, chapter_id, number, name, description) values (131, 6, 1, null, null); 
insert into section (id, chapter_id, number, name, description) values (132, 6, 2, null, null); 
insert into section (id, chapter_id, number, name, description) values (133, 6, 3, null, null); 
insert into section (id, chapter_id, number, name, description) values (134, 6, 4, null, null); 
insert into section (id, chapter_id, number, name, description) values (135, 6, 5, null, null); 
insert into section (id, chapter_id, number, name, description) values (136, 6, 6, null, null); 
insert into section (id, chapter_id, number, name, description) values (137, 6, 7, null, null); 
insert into section (id, chapter_id, number, name, description) values (138, 6, 8, null, null); 
insert into section (id, chapter_id, number, name, description) values (139, 6, 9, null, null); 
insert into section (id, chapter_id, number, name, description) values (140, 6, 10, null, null); 
insert into section (id, chapter_id, number, name, description) values (141, 6, 11, null, null); 
insert into section (id, chapter_id, number, name, description) values (142, 6, 12, null, null); 
insert into section (id, chapter_id, number, name, description) values (143, 6, 13, null, null); 
insert into section (id, chapter_id, number, name, description) values (144, 6, 14, null, null); 
insert into section (id, chapter_id, number, name, description) values (145, 6, 15, null, null); 
insert into section (id, chapter_id, number, name, description) values (146, 6, 16, null, null); 
insert into section (id, chapter_id, number, name, description) values (147, 6, 17, null, null); 
insert into section (id, chapter_id, number, name, description) values (148, 6, 18, null, null); 
insert into section (id, chapter_id, number, name, description) values (149, 6, 19, null, null); 
 
insert into section (id, chapter_id, number, name, description) values (150, 7, 1, null, null); 
insert into section (id, chapter_id, number, name, description) values (151, 7, 2, null, null); 
insert into section (id, chapter_id, number, name, description) values (152, 7, 3, null, null); 
insert into section (id, chapter_id, number, name, description) values (153, 7, 4, null, null); 
insert into section (id, chapter_id, number, name, description) values (154, 7, 5, null, null); 
insert into section (id, chapter_id, number, name, description) values (155, 7, 6, null, null); 
insert into section (id, chapter_id, number, name, description) values (156, 7, 7, null, null); 
insert into section (id, chapter_id, number, name, description) values (157, 7, 8, null, null); 
insert into section (id, chapter_id, number, name, description) values (158, 7, 9, null, null); 
insert into section (id, chapter_id, number, name, description) values (159, 7, 10, null, null); 
insert into section (id, chapter_id, number, name, description) values (160, 7, 11, null, null); 
insert into section (id, chapter_id, number, name, description) values (161, 7, 12, null, null); 
insert into section (id, chapter_id, number, name, description) values (162, 7, 13, null, null); 
insert into section (id, chapter_id, number, name, description) values (163, 7, 14, null, null); 
insert into section (id, chapter_id, number, name, description) values (164, 7, 15, null, null); 
insert into section (id, chapter_id, number, name, description) values (165, 7, 16, null, null); 
insert into section (id, chapter_id, number, name, description) values (166, 7, 17, null, null); 
insert into section (id, chapter_id, number, name, description) values (167, 7, 18, null, null); 
insert into section (id, chapter_id, number, name, description) values (168, 7, 19, null, null); 
insert into section (id, chapter_id, number, name, description) values (169, 7, 20, null, null); 
insert into section (id, chapter_id, number, name, description) values (170, 7, 21, null, null); 
insert into section (id, chapter_id, number, name, description) values (171, 7, 22, null, null); 
insert into section (id, chapter_id, number, name, description) values (172, 7, 23, null, null); 
insert into section (id, chapter_id, number, name, description) values (173, 7, 24, null, null); 
insert into section (id, chapter_id, number, name, description) values (174, 7, 25, null, null); 
insert into section (id, chapter_id, number, name, description) values (175, 7, 26, null, null); 
 
insert into section (id, chapter_id, number, name, description) values (176, 8, 1, null, null); 
insert into section (id, chapter_id, number, name, description) values (177, 8, 2, null, null); 
insert into section (id, chapter_id, number, name, description) values (178, 8, 3, null, null); 
insert into section (id, chapter_id, number, name, description) values (179, 8, 4, null, null); 
insert into section (id, chapter_id, number, name, description) values (180, 8, 5, null, null); 
insert into section (id, chapter_id, number, name, description) values (181, 8, 6, null, null); 
insert into section (id, chapter_id, number, name, description) values (182, 8, 7, null, null); 
insert into section (id, chapter_id, number, name, description) values (183, 8, 8, null, null); 
insert into section (id, chapter_id, number, name, description) values (184, 8, 9, null, null); 
insert into section (id, chapter_id, number, name, description) values (185, 8, 10, null, null); 
insert into section (id, chapter_id, number, name, description) values (186, 8, 11, null, null); 
insert into section (id, chapter_id, number, name, description) values (187, 8, 12, null, null); 
insert into section (id, chapter_id, number, name, description) values (188, 8, 13, null, null); 
insert into section (id, chapter_id, number, name, description) values (189, 8, 14, null, null); 
insert into section (id, chapter_id, number, name, description) values (190, 8, 15, null, null); 
insert into section (id, chapter_id, number, name, description) values (191, 8, 16, null, null); 
insert into section (id, chapter_id, number, name, description) values (192, 8, 17, null, null); 
insert into section (id, chapter_id, number, name, description) values (193, 8, 18, null, null); 
 
insert into section (id, chapter_id, number, name, description) values (194, 9, 1, null, null); 
insert into section (id, chapter_id, number, name, description) values (195, 9, 2, null, null); 
insert into section (id, chapter_id, number, name, description) values (196, 9, 3, null, null); 
insert into section (id, chapter_id, number, name, description) values (197, 9, 4, null, null); 
insert into section (id, chapter_id, number, name, description) values (198, 9, 5, null, null); 
insert into section (id, chapter_id, number, name, description) values (199, 9, 6, null, null); 
insert into section (id, chapter_id, number, name, description) values (200, 9, 7, null, null); 
insert into section (id, chapter_id, number, name, description) values (201, 9, 8, null, null); 
insert into section (id, chapter_id, number, name, description) values (202, 9, 9, null, null); 
insert into section (id, chapter_id, number, name, description) values (203, 9, 10, null, null); 
insert into section (id, chapter_id, number, name, description) values (204, 9, 11, null, null); 
insert into section (id, chapter_id, number, name, description) values (205, 9, 12, null, null); 
insert into section (id, chapter_id, number, name, description) values (206, 9, 13, null, null); 
insert into section (id, chapter_id, number, name, description) values (207, 9, 14, null, null); 
insert into section (id, chapter_id, number, name, description) values (208, 9, 15, null, null); 
insert into section (id, chapter_id, number, name, description) values (209, 9, 16, null, null); 
insert into section (id, chapter_id, number, name, description) values (210, 9, 17, null, null); 
insert into section (id, chapter_id, number, name, description) values (211, 9, 18, null, null); 
insert into section (id, chapter_id, number, name, description) values (212, 9, 19, null, null); 
insert into section (id, chapter_id, number, name, description) values (213, 9, 20, null, null); 
insert into section (id, chapter_id, number, name, description) values (214, 9, 21, null, null); 
insert into section (id, chapter_id, number, name, description) values (215, 9, 22, null, null); 
insert into section (id, chapter_id, number, name, description) values (216, 9, 23, null, null); 
 
insert into section (id, chapter_id, number, name, description) values (217, 10, 1, null, null); 
insert into section (id, chapter_id, number, name, description) values (218, 10, 2, null, null); 
insert into section (id, chapter_id, number, name, description) values (219, 10, 3, null, null); 
insert into section (id, chapter_id, number, name, description) values (220, 10, 4, null, null); 
insert into section (id, chapter_id, number, name, description) values (221, 10, 5, null, null); 
insert into section (id, chapter_id, number, name, description) values (222, 10, 6, null, null); 
insert into section (id, chapter_id, number, name, description) values (223, 10, 7, null, null); 
insert into section (id, chapter_id, number, name, description) values (224, 10, 8, null, null); 
insert into section (id, chapter_id, number, name, description) values (225, 10, 9, null, null); 
insert into section (id, chapter_id, number, name, description) values (226, 10, 10, null, null); 
insert into section (id, chapter_id, number, name, description) values (227, 10, 11, null, null); 
insert into section (id, chapter_id, number, name, description) values (228, 10, 12, null, null); 
insert into section (id, chapter_id, number, name, description) values (229, 10, 13, null, null); 
insert into section (id, chapter_id, number, name, description) values (230, 10, 14, null, null); 
insert into section (id, chapter_id, number, name, description) values (231, 10, 15, null, null); 
insert into section (id, chapter_id, number, name, description) values (232, 10, 16, null, null); 
insert into section (id, chapter_id, number, name, description) values (233, 10, 17, null, null); 
insert into section (id, chapter_id, number, name, description) values (234, 10, 18, null, null); 
insert into section (id, chapter_id, number, name, description) values (235, 10, 19, null, null); 
insert into section (id, chapter_id, number, name, description) values (236, 10, 20, null, null); 
insert into section (id, chapter_id, number, name, description) values (237, 10, 21, null, null); 
insert into section (id, chapter_id, number, name, description) values (238, 10, 22, null, null); 
insert into section (id, chapter_id, number, name, description) values (239, 10, 23, null, null); 
insert into section (id, chapter_id, number, name, description) values (240, 10, 24, null, null); 
insert into section (id, chapter_id, number, name, description) values (241, 10, 25, null, null); 
insert into section (id, chapter_id, number, name, description) values (242, 10, 26, null, null); 
insert into section (id, chapter_id, number, name, description) values (243, 10, 27, null, null); 
insert into section (id, chapter_id, number, name, description) values (244, 10, 28, null, null); 
insert into section (id, chapter_id, number, name, description) values (245, 10, 29, null, null); 
insert into section (id, chapter_id, number, name, description) values (246, 10, 30, null, null); 
insert into section (id, chapter_id, number, name, description) values (247, 10, 31, null, null); 
insert into section (id, chapter_id, number, name, description) values (248, 10, 32, null, null); 
insert into section (id, chapter_id, number, name, description) values (249, 10, 33, null, null); 
insert into section (id, chapter_id, number, name, description) values (250, 10, 34, null, null); 
insert into section (id, chapter_id, number, name, description) values (251, 10, 35, null, null); 
insert into section (id, chapter_id, number, name, description) values (252, 10, 36, null, null); 
insert into section (id, chapter_id, number, name, description) values (253, 10, 37, null, null); 
insert into section (id, chapter_id, number, name, description) values (254, 10, 38, null, null); 
insert into section (id, chapter_id, number, name, description) values (255, 10, 39, null, null); 
insert into section (id, chapter_id, number, name, description) values (256, 10, 40, null, null); 
insert into section (id, chapter_id, number, name, description) values (257, 10, 41, null, null); 
insert into section (id, chapter_id, number, name, description) values (258, 10, 42, null, null); 
insert into section (id, chapter_id, number, name, description) values (259, 10, 43, null, null); 
insert into section (id, chapter_id, number, name, description) values (260, 10, 44, null, null); 
 
insert into section (id, chapter_id, number, name, description) values (261, 11, 1, null, null); 
insert into section (id, chapter_id, number, name, description) values (262, 11, 2, null, null); 
insert into section (id, chapter_id, number, name, description) values (263, 11, 3, null, null); 
insert into section (id, chapter_id, number, name, description) values (264, 11, 4, null, null); 
insert into section (id, chapter_id, number, name, description) values (265, 11, 5, null, null); 
insert into section (id, chapter_id, number, name, description) values (266, 11, 6, null, null); 
insert into section (id, chapter_id, number, name, description) values (267, 11, 7, null, null); 
insert into section (id, chapter_id, number, name, description) values (268, 11, 8, null, null); 
insert into section (id, chapter_id, number, name, description) values (269, 11, 9, null, null); 
insert into section (id, chapter_id, number, name, description) values (270, 11, 10, null, null); 
insert into section (id, chapter_id, number, name, description) values (271, 11, 11, null, null); 
insert into section (id, chapter_id, number, name, description) values (272, 11, 12, null, null); 
insert into section (id, chapter_id, number, name, description) values (273, 11, 13, null, null); 
insert into section (id, chapter_id, number, name, description) values (274, 11, 14, null, null); 
insert into section (id, chapter_id, number, name, description) values (275, 11, 15, null, null); 
insert into section (id, chapter_id, number, name, description) values (276, 11, 16, null, null); 
insert into section (id, chapter_id, number, name, description) values (277, 11, 17, null, null); 
insert into section (id, chapter_id, number, name, description) values (278, 11, 18, null, null); 
insert into section (id, chapter_id, number, name, description) values (279, 11, 19, null, null); 
insert into section (id, chapter_id, number, name, description) values (280, 11, 20, null, null); 
insert into section (id, chapter_id, number, name, description) values (281, 11, 21, null, null); 
insert into section (id, chapter_id, number, name, description) values (282, 11, 22, null, null); 
insert into section (id, chapter_id, number, name, description) values (283, 11, 23, null, null); 
insert into section (id, chapter_id, number, name, description) values (284, 11, 24, null, null); 
insert into section (id, chapter_id, number, name, description) values (285, 11, 25, null, null); 
insert into section (id, chapter_id, number, name, description) values (286, 11, 26, null, null); 
insert into section (id, chapter_id, number, name, description) values (287, 11, 27, null, null); 
insert into section (id, chapter_id, number, name, description) values (288, 11, 28, null, null); 
insert into section (id, chapter_id, number, name, description) values (289, 11, 29, null, null); 
insert into section (id, chapter_id, number, name, description) values (290, 11, 30, null, null); 
insert into section (id, chapter_id, number, name, description) values (291, 11, 31, null, null); 
insert into section (id, chapter_id, number, name, description) values (292, 11, 32, null, null); 
 
insert into section (id, chapter_id, number, name, description) values (293, 12, 1, null, null); 
insert into section (id, chapter_id, number, name, description) values (294, 12, 2, null, null); 
insert into section (id, chapter_id, number, name, description) values (295, 12, 3, null, null); 
insert into section (id, chapter_id, number, name, description) values (296, 12, 4, null, null); 
insert into section (id, chapter_id, number, name, description) values (297, 12, 5, null, null); 
insert into section (id, chapter_id, number, name, description) values (298, 12, 6, null, null); 
insert into section (id, chapter_id, number, name, description) values (299, 12, 7, null, null); 
insert into section (id, chapter_id, number, name, description) values (300, 12, 8, null, null); 
insert into section (id, chapter_id, number, name, description) values (301, 12, 9, null, null); 
insert into section (id, chapter_id, number, name, description) values (302, 12, 10, null, null); 
insert into section (id, chapter_id, number, name, description) values (303, 12, 11, null, null); 
insert into section (id, chapter_id, number, name, description) values (304, 12, 12, null, null); 
insert into section (id, chapter_id, number, name, description) values (305, 12, 13, null, null); 
insert into section (id, chapter_id, number, name, description) values (306, 12, 14, null, null); 
 
insert into section (id, chapter_id, number, name, description) values (307, 13, 1, null, null); 
insert into section (id, chapter_id, number, name, description) values (308, 13, 2, null, null); 
insert into section (id, chapter_id, number, name, description) values (309, 13, 3, null, null); 
insert into section (id, chapter_id, number, name, description) values (310, 13, 4, null, null); 
insert into section (id, chapter_id, number, name, description) values (311, 13, 5, null, null); 
insert into section (id, chapter_id, number, name, description) values (312, 13, 6, null, null); 
insert into section (id, chapter_id, number, name, description) values (313, 13, 7, null, null); 
insert into section (id, chapter_id, number, name, description) values (314, 13, 8, null, null); 
insert into section (id, chapter_id, number, name, description) values (315, 13, 9, null, null); 
insert into section (id, chapter_id, number, name, description) values (316, 13, 10, null, null); 
insert into section (id, chapter_id, number, name, description) values (317, 13, 11, null, null); 
insert into section (id, chapter_id, number, name, description) values (318, 13, 12, null, null); 
 
insert into section (id, chapter_id, number, name, description) values (319, 14, 1, null, null); 
insert into section (id, chapter_id, number, name, description) values (320, 14, 2, null, null); 
insert into section (id, chapter_id, number, name, description) values (321, 14, 3, null, null); 
insert into section (id, chapter_id, number, name, description) values (322, 14, 4, null, null); 
insert into section (id, chapter_id, number, name, description) values (323, 14, 5, null, null); 
insert into section (id, chapter_id, number, name, description) values (324, 14, 6, null, null); 
insert into section (id, chapter_id, number, name, description) values (325, 14, 7, null, null); 
insert into section (id, chapter_id, number, name, description) values (326, 14, 8, null, null); 
insert into section (id, chapter_id, number, name, description) values (327, 14, 9, null, null); 
insert into section (id, chapter_id, number, name, description) values (328, 14, 10, null, null); 
insert into section (id, chapter_id, number, name, description) values (329, 14, 11, null, null); 
insert into section (id, chapter_id, number, name, description) values (330, 14, 12, null, null); 
insert into section (id, chapter_id, number, name, description) values (331, 14, 13, null, null); 
insert into section (id, chapter_id, number, name, description) values (332, 14, 14, null, null); 
insert into section (id, chapter_id, number, name, description) values (333, 14, 15, null, null); 
insert into section (id, chapter_id, number, name, description) values (334, 14, 16, null, null); 
insert into section (id, chapter_id, number, name, description) values (335, 14, 17, null, null); 
insert into section (id, chapter_id, number, name, description) values (336, 14, 18, null, null); 
insert into section (id, chapter_id, number, name, description) values (337, 14, 19, null, null); 
insert into section (id, chapter_id, number, name, description) values (338, 14, 20, null, null); 
insert into section (id, chapter_id, number, name, description) values (339, 14, 21, null, null); 
insert into section (id, chapter_id, number, name, description) values (340, 14, 22, null, null); 
 
insert into section (id, chapter_id, number, name, description) values (341, 15, 1, null, null); 
insert into section (id, chapter_id, number, name, description) values (342, 15, 2, null, null); 
insert into section (id, chapter_id, number, name, description) values (343, 15, 3, null, null); 
insert into section (id, chapter_id, number, name, description) values (344, 15, 4, null, null); 
insert into section (id, chapter_id, number, name, description) values (345, 15, 5, null, null); 
insert into section (id, chapter_id, number, name, description) values (346, 15, 6, null, null); 
insert into section (id, chapter_id, number, name, description) values (347, 15, 7, null, null); 
insert into section (id, chapter_id, number, name, description) values (348, 15, 8, null, null); 
insert into section (id, chapter_id, number, name, description) values (349, 15, 9, null, null); 
insert into section (id, chapter_id, number, name, description) values (350, 15, 10, null, null); 
insert into section (id, chapter_id, number, name, description) values (351, 15, 11, null, null); 
insert into section (id, chapter_id, number, name, description) values (352, 15, 12, null, null); 
insert into section (id, chapter_id, number, name, description) values (353, 15, 13, null, null); 
insert into section (id, chapter_id, number, name, description) values (354, 15, 14, null, null); 
insert into section (id, chapter_id, number, name, description) values (355, 15, 15, null, null); 
insert into section (id, chapter_id, number, name, description) values (356, 15, 16, null, null); 
insert into section (id, chapter_id, number, name, description) values (357, 15, 17, null, null); 
insert into section (id, chapter_id, number, name, description) values (358, 15, 18, null, null); 
insert into section (id, chapter_id, number, name, description) values (359, 15, 19, null, null); 
insert into section (id, chapter_id, number, name, description) values (360, 15, 20, null, null); 
insert into section (id, chapter_id, number, name, description) values (361, 15, 21, null, null); 
insert into section (id, chapter_id, number, name, description) values (362, 15, 22, null, null); 
insert into section (id, chapter_id, number, name, description) values (363, 15, 23, null, null); 
insert into section (id, chapter_id, number, name, description) values (364, 15, 24, null, null); 
insert into section (id, chapter_id, number, name, description) values (365, 15, 25, null, null); 
insert into section (id, chapter_id, number, name, description) values (366, 15, 26, null, null); 
insert into section (id, chapter_id, number, name, description) values (367, 15, 27, null, null); 
 
insert into section (id, chapter_id, number, name, description) values (368, 16, 1, null, null); 
insert into section (id, chapter_id, number, name, description) values (369, 16, 2, null, null); 
insert into section (id, chapter_id, number, name, description) values (370, 16, 3, null, null); 
insert into section (id, chapter_id, number, name, description) values (371, 16, 4, null, null); 
insert into section (id, chapter_id, number, name, description) values (372, 16, 5, null, null); 
insert into section (id, chapter_id, number, name, description) values (373, 16, 6, null, null); 
insert into section (id, chapter_id, number, name, description) values (374, 16, 7, null, null); 
insert into section (id, chapter_id, number, name, description) values (375, 16, 8, null, null); 
insert into section (id, chapter_id, number, name, description) values (376, 16, 9, null, null); 
insert into section (id, chapter_id, number, name, description) values (377, 16, 10, null, null); 
insert into section (id, chapter_id, number, name, description) values (378, 16, 11, null, null); 
insert into section (id, chapter_id, number, name, description) values (379, 16, 12, null, null); 
insert into section (id, chapter_id, number, name, description) values (380, 16, 13, null, null); 
insert into section (id, chapter_id, number, name, description) values (381, 16, 14, null, null); 
insert into section (id, chapter_id, number, name, description) values (382, 16, 15, null, null); 
insert into section (id, chapter_id, number, name, description) values (383, 16, 16, null, null); 
insert into section (id, chapter_id, number, name, description) values (384, 16, 17, null, null); 
insert into section (id, chapter_id, number, name, description) values (385, 16, 18, null, null); 
insert into section (id, chapter_id, number, name, description) values (386, 16, 19, null, null); 
insert into section (id, chapter_id, number, name, description) values (387, 16, 20, null, null); 
insert into section (id, chapter_id, number, name, description) values (388, 16, 21, null, null); 
insert into section (id, chapter_id, number, name, description) values (389, 16, 22, null, null); 

insert into done_sections (id, section_id, user_ident) values (1, 1, 'i.deruga@gmail.com');
insert into done_sections (id, section_id, user_ident) values (2, 2, 'i.deruga@gmail.com');
insert into done_sections (id, section_id, user_ident) values (3, 3, 'i.deruga@gmail.com');
insert into done_sections (id, section_id, user_ident) values (4, 4, 'i.deruga@gmail.com');
insert into done_sections (id, section_id, user_ident) values (5, 5, 'i.deruga@gmail.com');
